Epoch,TrainLoss,ValPSNR,ValSSIM,ValLPIPS,LR
1,0.7854542371667461,12.899604415893554,0.5133747,0.6760281006495158,0.0002
2,0.7148479792316265,13.97145570119222,0.5836695,0.5520920634269715,0.00019997817800574715
3,0.5850362669783855,17.438493410746258,0.7005661,0.46177334785461427,0.00019991272159483643
4,0.5050120189356706,17.54703737894694,0.73310965,0.4156325896581014,0.00019980365947861305
5,0.4623077088668023,18.36284090677897,0.74324834,0.3738982379436493,0.0001996510394953257
6,0.438927413627444,18.203311602274578,0.7538128,0.35256805022557575,0.00019945492858914322
7,0.42610511024302417,18.698642349243165,0.7593737,0.33682870467503867,0.0001992154127807906
8,0.4075798695224793,18.475456937154135,0.7609673,0.3263793706893921,0.00019893259712981738
9,0.4005896194604199,18.384498850504556,0.75979143,0.31786982317765555,0.00019860660568851528
10,0.39461707909411364,18.67449035644531,0.7642327,0.308944437901179,0.00019823758144750457
11,0.3909191936867718,18.62128257751465,0.7659836,0.30634877185026804,0.0001978256862730137
12,0.3850314077526454,18.841014099121093,0.76583993,0.30919981002807617,0.00019737110083587947
13,0.382435392143795,18.640921211242677,0.76760954,0.29680999318758644,0.0001968740245322988
14,0.37779998282591504,18.90306307474772,0.768266,0.2965968439976374,0.000196334675396367
15,0.3715634952479429,18.504011789957683,0.7646207,0.29534246822198235,0.0001957532900044407
16,0.36949355716322674,18.379422760009767,0.7691492,0.2919533044099808,0.00019513012337136782
17,0.3630647646424211,18.910755411783853,0.77180845,0.28660032550493875,0.0001944654488386294
18,0.3611257037630788,18.666343625386556,0.7731746,0.2793543110291163,0.00019375955795444325
19,0.36197623518514044,18.689700889587403,0.7720087,0.29912939071655276,0.00019301276034588104
20,0.35908614804224714,18.816845194498697,0.77056134,0.27743493219216664,0.00019222538358305583
21,0.35079412695802287,18.544897015889486,0.7735567,0.2795011212428411,0.0001913977730354388
22,0.34969866159276214,19.465560404459634,0.7760207,0.2726335863272349,0.00019053029172036895
23,0.3553548037637899,18.53454532623291,0.7651558,0.28046173353989917,0.0001896233201438216
24,0.35086571446662085,19.15506509145101,0.77982056,0.2793146431446075,0.00018867725613350587
25,0.3493916710585724,18.84741916656494,0.7762248,0.2819904943307241,0.00018769251466436442
26,0.3445030433650861,19.26566333770752,0.7759794,0.2700325816869736,0.00018666952767655164
27,0.3455915812234329,19.145870653788247,0.7793683,0.26739967862764996,0.0001856087438859704
28,0.344146942528187,19.55483652750651,0.78377515,0.2648723065853119,0.0001845106285874505
29,0.341429322344776,19.511692873636882,0.786166,0.2592413385709127,0.00018337566345065487
